Jurisdiction,TAZNUM,Type,Subarea,SubareaName
BELLEVUE,1,Regular,3,Downtown
BELLEVUE,2,Regular,3,Downtown
BELLEVUE,3,Regular,3,Downtown
BELLEVUE,4,Regular,3,Downtown
BELLEVUE,5,Regular,3,Downtown
BELLEVUE,6,Regular,3,Downtown
BELLEVUE,7,Regular,3,Downtown
BELLEVUE,8,Regular,3,Downtown
BELLEVUE,9,Regular,3,Downtown
BELLEVUE,10,Regular,3,Downtown
BELLEVUE,11,Regular,3,Downtown
BELLEVUE,12,Park,3,Downtown
BELLEVUE,13,Regular,3,Downtown
BELLEVUE,14,Regular,3,Downtown
BELLEVUE,15,Regular,3,Downtown
BELLEVUE,16,Regular,3,Downtown
BELLEVUE,17,Regular,3,Downtown
BELLEVUE,18,Regular,3,Downtown
BELLEVUE,19,Regular,3,Downtown
BELLEVUE,20,Regular,3,Downtown
BELLEVUE,21,Regular,3,Downtown
BELLEVUE,22,Regular,3,Downtown
BELLEVUE,23,Regular,3,Downtown
BELLEVUE,24,Regular,3,Downtown
BELLEVUE,25,Regular,3,Downtown
BELLEVUE,26,Regular,3,Downtown
BELLEVUE,27,Regular,3,Downtown
BELLEVUE,28,Regular,3,Downtown
BELLEVUE,29,Regular,3,Downtown
BELLEVUE,30,Regular,3,Downtown
BELLEVUE,31,Regular,3,Downtown
BELLEVUE,32,Regular,3,Downtown
BELLEVUE,33,Regular,3,Downtown
BELLEVUE,34,Regular,3,Downtown
BELLEVUE,35,Regular,3,Downtown
BELLEVUE,36,Regular,3,Downtown
BELLEVUE,37,Regular,3,Downtown
BELLEVUE,38,Regular,3,Downtown
BELLEVUE,39,Regular,3,Downtown
BELLEVUE,40,Regular,3,Downtown
BELLEVUE,41,Regular,3,Downtown
BELLEVUE,42,Regular,3,Downtown
BELLEVUE,43,Regular,3,Downtown
BELLEVUE,44,Regular,3,Downtown
BELLEVUE,45,Regular,3,Downtown
BELLEVUE,46,Regular,3,Downtown
BELLEVUE,47,Regular,1,North Bellevue
BELLEVUE,48,Park,1,North Bellevue
BELLEVUE,49,Regular,1,North Bellevue
BELLEVUE,50,Regular,1,North Bellevue
BELLEVUE,51,Regular,1,North Bellevue
BELLEVUE,52,Regular,1,North Bellevue
BELLEVUE,53,Regular,1,North Bellevue
BELLEVUE,54,Regular,1,North Bellevue
BELLEVUE,55,Regular,1,North Bellevue
BELLEVUE,56,Regular,1,North Bellevue
BELLEVUE,57,Regular,1,North Bellevue
BELLEVUE,58,Regular,1,North Bellevue
BELLEVUE,59,Regular,1,North Bellevue
BELLEVUE,60,Regular,1,North Bellevue
BELLEVUE,61,Regular,1,North Bellevue
BELLEVUE,62,Regular,1,North Bellevue
BELLEVUE,63,Regular,1,North Bellevue
BELLEVUE,64,Regular,1,North Bellevue
BELLEVUE,65,Regular,1,North Bellevue
BELLEVUE,66,Regular,1,North Bellevue
BELLEVUE,67,Regular,1,North Bellevue
BELLEVUE,68,Regular,1,North Bellevue
BELLEVUE,69,Regular,1,North Bellevue
BELLEVUE,70,Regular,1,North Bellevue
BELLEVUE,71,Regular,1,North Bellevue
BELLEVUE,72,Regular,1,North Bellevue
BELLEVUE,73,Regular,1,North Bellevue
BELLEVUE,74,Regular,1,North Bellevue
BELLEVUE,75,Regular,1,North Bellevue
BELLEVUE,76,Regular,1,North Bellevue
BELLEVUE,77,Regular,1,North Bellevue
BELLEVUE,78,Regular,1,North Bellevue
BELLEVUE,79,Regular,1,North Bellevue
BELLEVUE,80,Regular,1,North Bellevue
BELLEVUE,81,Regular,1,North Bellevue
BELLEVUE,82,Regular,1,North Bellevue
BELLEVUE,83,Regular,1,North Bellevue
BELLEVUE,84,Park,1,North Bellevue
BELLEVUE,85,Regular,1,North Bellevue
BELLEVUE,86,Regular,1,North Bellevue
BELLEVUE,87,Regular,1,North Bellevue
BELLEVUE,88,Regular,1,North Bellevue
BELLEVUE,89,Regular,1,North Bellevue
BELLEVUE,90,Regular,1,North Bellevue
BELLEVUE,91,Regular,1,North Bellevue
BELLEVUE,92,Regular,1,North Bellevue
BELLEVUE,93,Regular,2,Bridle Trails
BELLEVUE,94,Regular,2,Bridle Trails
BELLEVUE,95,Regular,2,Bridle Trails
BELLEVUE,96,Regular,2,Bridle Trails
BELLEVUE,97,Regular,2,Bridle Trails
BELLEVUE,98,Regular,2,Bridle Trails
BELLEVUE,99,Regular,2,Bridle Trails
BELLEVUE,100,Elementary School,2,Bridle Trails
BELLEVUE,101,Regular,2,Bridle Trails
BELLEVUE,102,Regular,2,Bridle Trails
BELLEVUE,103,Regular,2,Bridle Trails
BELLEVUE,104,Regular,2,Bridle Trails
BELLEVUE,105,Regular,2,Bridle Trails
BELLEVUE,106,Regular,2,Bridle Trails
BELLEVUE,107,Regular,2,Bridle Trails
BELLEVUE,108,Regular,2,Bridle Trails
BELLEVUE,109,Regular,2,Bridle Trails
BELLEVUE,110,Regular,2,Bridle Trails
BELLEVUE,111,Regular,2,Bridle Trails
BELLEVUE,112,Regular,2,Bridle Trails
BELLEVUE,113,Regular,2,Bridle Trails
BELLEVUE,114,Regular,2,Bridle Trails
BELLEVUE,115,Regular,2,Bridle Trails
BELLEVUE,116,Regular,2,Bridle Trails
BELLEVUE,117,Regular,2,Bridle Trails
BELLEVUE,118,Regular,2,Bridle Trails
BELLEVUE,119,Park,2,Bridle Trails
BELLEVUE,120,Regular,2,Bridle Trails
BELLEVUE,121,Regular,2,Bridle Trails
BELLEVUE,122,Regular,2,Bridle Trails
BELLEVUE,123,Regular,2,Bridle Trails
BELLEVUE,124,Regular,2,Bridle Trails
BELLEVUE,125,Regular,2,Bridle Trails
BELLEVUE,126,Regular,2,Bridle Trails
BELLEVUE,127,Regular,2,Bridle Trails
BELLEVUE,128,Regular,2,Bridle Trails
BELLEVUE,129,Regular,2,Bridle Trails
BELLEVUE,130,Regular,2,Bridle Trails
BELLEVUE,131,Regular,2,Bridle Trails
BELLEVUE,132,Regular,2,Bridle Trails
BELLEVUE,133,Regular,12,Bel-Red Northup
BELLEVUE,134,Regular,12,Bel-Red Northup
BELLEVUE,135,Regular,12,Bel-Red Northup
BELLEVUE,136,Regular,12,Bel-Red Northup
BELLEVUE,137,Regular,12,Bel-Red Northup
BELLEVUE,138,Regular,12,Bel-Red Northup
BELLEVUE,139,Regular,12,Bel-Red Northup
BELLEVUE,140,Park,12,Bel-Red Northup
BELLEVUE,141,Regular,12,Bel-Red Northup
BELLEVUE,142,Regular,12,Bel-Red Northup
BELLEVUE,143,Regular,12,Bel-Red Northup
BELLEVUE,144,Regular,12,Bel-Red Northup
BELLEVUE,145,Regular,12,Bel-Red Northup
BELLEVUE,146,Regular,12,Bel-Red Northup
BELLEVUE,147,Regular,12,Bel-Red Northup
BELLEVUE,148,Regular,12,Bel-Red Northup
BELLEVUE,149,Regular,12,Bel-Red Northup
BELLEVUE,150,Regular,12,Bel-Red Northup
BELLEVUE,151,Regular,12,Bel-Red Northup
BELLEVUE,152,Regular,12,Bel-Red Northup
BELLEVUE,153,Regular,12,Bel-Red Northup
BELLEVUE,154,Regular,12,Bel-Red Northup
BELLEVUE,155,Regular,12,Bel-Red Northup
BELLEVUE,156,Regular,12,Bel-Red Northup
BELLEVUE,157,Regular,12,Bel-Red Northup
BELLEVUE,158,Regular,12,Bel-Red Northup
BELLEVUE,159,Regular,12,Bel-Red Northup
BELLEVUE,160,Regular,12,Bel-Red Northup
BELLEVUE,161,Regular,12,Bel-Red Northup
BELLEVUE,162,Regular,12,Bel-Red Northup
BELLEVUE,163,Regular,12,Bel-Red Northup
BELLEVUE,164,Regular,12,Bel-Red Northup
BELLEVUE,165,Regular,12,Bel-Red Northup
BELLEVUE,166,Regular,12,Bel-Red Northup
BELLEVUE,167,Regular,12,Bel-Red Northup
BELLEVUE,168,Regular,12,Bel-Red Northup
BELLEVUE,169,Regular,12,Bel-Red Northup
BELLEVUE,170,Regular,12,Bel-Red Northup
BELLEVUE,171,Regular,12,Bel-Red Northup
BELLEVUE,172,Regular,12,Bel-Red Northup
BELLEVUE,173,Regular,12,Bel-Red Northup
BELLEVUE,174,Regular,12,Bel-Red Northup
BELLEVUE,175,Regular,12,Bel-Red Northup
BELLEVUE,176,Regular,12,Bel-Red Northup
BELLEVUE,177,Regular,12,Bel-Red Northup
BELLEVUE,178,Regular,12,Bel-Red Northup
BELLEVUE,179,Regular,12,Bel-Red Northup
BELLEVUE,180,Regular,12,Bel-Red Northup
BELLEVUE,181,Regular,12,Bel-Red Northup
BELLEVUE,182,Regular,12,Bel-Red Northup
BELLEVUE,183,Regular,4,Wilburton
BELLEVUE,184,Regular,12,Bel-Red Northup
BELLEVUE,185,Regular,4,Wilburton
BELLEVUE,186,Regular,12,Bel-Red Northup
BELLEVUE,187,Regular,12,Bel-Red Northup
BELLEVUE,188,Regular,12,Bel-Red Northup
BELLEVUE,189,Regular,12,Bel-Red Northup
BELLEVUE,190,Regular,8,Richards Valley
BELLEVUE,191,Regular,8,Richards Valley
BELLEVUE,192,Regular,12,Bel-Red Northup
BELLEVUE,193,Regular,12,Bel-Red Northup
BELLEVUE,194,Regular,8,Richards Valley
BELLEVUE,195,Regular,8,Richards Valley
BELLEVUE,196,Regular,12,Bel-Red Northup
BELLEVUE,197,Regular,12,Bel-Red Northup
BELLEVUE,198,Regular,12,Bel-Red Northup
BELLEVUE,199,Regular,8,Richards Valley
BELLEVUE,200,Regular,8,Richards Valley
BELLEVUE,201,Regular,8,Richards Valley
BELLEVUE,202,Regular,8,Richards Valley
BELLEVUE,203,Regular,8,Richards Valley
BELLEVUE,204,Regular,12,Bel-Red Northup
BELLEVUE,205,Regular,12,Bel-Red Northup
BELLEVUE,206,Regular,9,East Bellevue
BELLEVUE,207,Regular,9,East Bellevue
BELLEVUE,208,Regular,9,East Bellevue
BELLEVUE,209,Regular,9,East Bellevue
BELLEVUE,210,Regular,9,East Bellevue
BELLEVUE,211,Regular,9,East Bellevue
BELLEVUE,212,Regular,9,East Bellevue
BELLEVUE,213,Regular,9,East Bellevue
BELLEVUE,214,Regular,9,East Bellevue
BELLEVUE,215,Regular,12,Bel-Red Northup
BELLEVUE,216,Middle School,9,East Bellevue
BELLEVUE,217,Regular,9,East Bellevue
BELLEVUE,218,Regular,9,East Bellevue
BELLEVUE,219,Regular,5,Crossroads
BELLEVUE,220,Regular,5,Crossroads
BELLEVUE,221,Regular,5,Crossroads
BELLEVUE,222,Regular,5,Crossroads
BELLEVUE,223,Regular,5,Crossroads
BELLEVUE,224,Regular,9,East Bellevue
BELLEVUE,225,Regular,5,Crossroads
BELLEVUE,226,Regular,12,Bel-Red Northup
BELLEVUE,227,Regular,6,Northeast Bellevue
BELLEVUE,228,Regular,6,Northeast Bellevue
BELLEVUE,229,Regular,6,Northeast Bellevue
BELLEVUE,230,Regular,6,Northeast Bellevue
BELLEVUE,231,Elementary School,6,Northeast Bellevue
BELLEVUE,232,Regular,6,Northeast Bellevue
BELLEVUE,233,Regular,6,Northeast Bellevue
BELLEVUE,234,Regular,6,Northeast Bellevue
BELLEVUE,235,Regular,6,Northeast Bellevue
BELLEVUE,236,High School,6,Northeast Bellevue
BELLEVUE,237,Regular,6,Northeast Bellevue
BELLEVUE,238,Regular,6,Northeast Bellevue
BELLEVUE,239,Regular,5,Crossroads
BELLEVUE,240,Regular,5,Crossroads
BELLEVUE,241,Regular,5,Crossroads
BELLEVUE,242,Regular,5,Crossroads
BELLEVUE,243,Park,5,Crossroads
BELLEVUE,244,Regular,5,Crossroads
BELLEVUE,245,Regular,5,Crossroads
BELLEVUE,246,Regular,5,Crossroads
BELLEVUE,247,Regular,6,Northeast Bellevue
BELLEVUE,248,Regular,6,Northeast Bellevue
BELLEVUE,249,Regular,6,Northeast Bellevue
BELLEVUE,250,Regular,6,Northeast Bellevue
BELLEVUE,251,Elementary School,6,Northeast Bellevue
BELLEVUE,252,Regular,6,Northeast Bellevue
BELLEVUE,253,Regular,6,Northeast Bellevue
BELLEVUE,254,Regular,6,Northeast Bellevue
BELLEVUE,255,Regular,6,Northeast Bellevue
BELLEVUE,256,Regular,6,Northeast Bellevue
BELLEVUE,257,Regular,6,Northeast Bellevue
BELLEVUE,258,Regular,6,Northeast Bellevue
BELLEVUE,259,Regular,6,Northeast Bellevue
BELLEVUE,260,Regular,6,Northeast Bellevue
BELLEVUE,261,Regular,6,Northeast Bellevue
BELLEVUE,262,Regular,6,Northeast Bellevue
BELLEVUE,263,Regular,6,Northeast Bellevue
BELLEVUE,264,Elementary School,6,Northeast Bellevue
BELLEVUE,265,Park,6,Northeast Bellevue
BELLEVUE,266,Regular,6,Northeast Bellevue
BELLEVUE,267,Regular,6,Northeast Bellevue
BELLEVUE,268,Regular,6,Northeast Bellevue
BELLEVUE,269,Regular,6,Northeast Bellevue
BELLEVUE,270,Regular,6,Northeast Bellevue
BELLEVUE,271,Regular,6,Northeast Bellevue
BELLEVUE,272,Regular,9,East Bellevue
BELLEVUE,273,Regular,9,East Bellevue
BELLEVUE,274,Regular,9,East Bellevue
BELLEVUE,275,Regular,9,East Bellevue
BELLEVUE,276,Regular,9,East Bellevue
BELLEVUE,277,Regular,9,East Bellevue
BELLEVUE,278,Regular,9,East Bellevue
BELLEVUE,279,Regular,9,East Bellevue
BELLEVUE,280,Regular,9,East Bellevue
BELLEVUE,281,Regular,9,East Bellevue
BELLEVUE,282,Regular,9,East Bellevue
BELLEVUE,283,Middle School,9,East Bellevue
BELLEVUE,284,Regular,9,East Bellevue
BELLEVUE,285,Regular,9,East Bellevue
BELLEVUE,286,Regular,9,East Bellevue
BELLEVUE,287,Regular,9,East Bellevue
BELLEVUE,288,Park,9,East Bellevue
BELLEVUE,289,Regular,9,East Bellevue
BELLEVUE,290,Regular,9,East Bellevue
BELLEVUE,291,Regular,9,East Bellevue
BELLEVUE,292,Regular,9,East Bellevue
BELLEVUE,293,Regular,9,East Bellevue
BELLEVUE,294,Regular,9,East Bellevue
BELLEVUE,295,Regular,9,East Bellevue
BELLEVUE,296,Regular,9,East Bellevue
BELLEVUE,297,Regular,9,East Bellevue
BELLEVUE,298,Park,9,East Bellevue
BELLEVUE,299,Regular,9,East Bellevue
BELLEVUE,300,Regular,9,East Bellevue
BELLEVUE,301,Regular,9,East Bellevue
BELLEVUE,302,Regular,9,East Bellevue
BELLEVUE,303,Regular,9,East Bellevue
BELLEVUE,304,Regular,9,East Bellevue
BELLEVUE,305,Elementary School,9,East Bellevue
BELLEVUE,306,Park,9,East Bellevue
BELLEVUE,307,Middle School,9,East Bellevue
BELLEVUE,308,Regular,9,East Bellevue
BELLEVUE,309,Regular,9,East Bellevue
BELLEVUE,310,Regular,9,East Bellevue
BELLEVUE,311,Regular,9,East Bellevue
BELLEVUE,312,Park,9,East Bellevue
BELLEVUE,313,Regular,9,East Bellevue
BELLEVUE,314,Regular,9,East Bellevue
BELLEVUE,315,Park,9,East Bellevue
BELLEVUE,316,Park,9,East Bellevue
BELLEVUE,317,Regular,9,East Bellevue
BELLEVUE,318,Regular,9,East Bellevue
BELLEVUE,319,Regular,9,East Bellevue
BELLEVUE,320,Middle School,9,East Bellevue
BELLEVUE,321,Park,9,East Bellevue
BELLEVUE,322,Regular,9,East Bellevue
BELLEVUE,323,Regular,9,East Bellevue
BELLEVUE,324,Regular,9,East Bellevue
BELLEVUE,325,Regular,9,East Bellevue
BELLEVUE,326,Park,10,Eastgate
BELLEVUE,327,Regular,10,Eastgate
BELLEVUE,328,Regular,10,Eastgate
BELLEVUE,329,Elementary School,10,Eastgate
BELLEVUE,330,Regular,9,East Bellevue
BELLEVUE,331,Regular,9,East Bellevue
BELLEVUE,332,Regular,9,East Bellevue
BELLEVUE,333,Regular,9,East Bellevue
BELLEVUE,334,Regular,9,East Bellevue
BELLEVUE,335,Regular,9,East Bellevue
BELLEVUE,336,Regular,9,East Bellevue
BELLEVUE,337,Elementary School,9,East Bellevue
BELLEVUE,338,Regular,9,East Bellevue
BELLEVUE,339,Regular,9,East Bellevue
BELLEVUE,340,Regular,9,East Bellevue
BELLEVUE,341,Regular,9,East Bellevue
BELLEVUE,342,Regular,10,Eastgate
BELLEVUE,343,Regular,10,Eastgate
BELLEVUE,344,Regular,10,Eastgate
BELLEVUE,345,Regular,10,Eastgate
BELLEVUE,346,Regular,9,East Bellevue
BELLEVUE,347,Regular,10,Eastgate
BELLEVUE,348,Regular,10,Eastgate
BELLEVUE,349,Regular,10,Eastgate
BELLEVUE,350,Regular,10,Eastgate
BELLEVUE,351,College,10,Eastgate
BELLEVUE,352,Regular,10,Eastgate
BELLEVUE,353,Regular,10,Eastgate
BELLEVUE,354,Regular,9,East Bellevue
BELLEVUE,355,Regular,8,Richards Valley
BELLEVUE,356,Regular,9,East Bellevue
BELLEVUE,357,Regular,9,East Bellevue
BELLEVUE,358,Regular,8,Richards Valley
BELLEVUE,359,Regular,9,East Bellevue
BELLEVUE,360,Regular,9,East Bellevue
BELLEVUE,361,Regular,9,East Bellevue
BELLEVUE,362,Elementary School,9,East Bellevue
BELLEVUE,363,Regular,9,East Bellevue
BELLEVUE,364,Regular,9,East Bellevue
BELLEVUE,365,Regular,9,East Bellevue
BELLEVUE,366,Regular,9,East Bellevue
BELLEVUE,367,Regular,9,East Bellevue
BELLEVUE,368,High School,9,East Bellevue
BELLEVUE,369,Regular,9,East Bellevue
BELLEVUE,370,Regular,9,East Bellevue
BELLEVUE,371,Middle School,9,East Bellevue
BELLEVUE,372,Regular,9,East Bellevue
BELLEVUE,373,Regular,9,East Bellevue
BELLEVUE,374,Elementary School,9,East Bellevue
BELLEVUE,375,Regular,9,East Bellevue
BELLEVUE,376,Regular,8,Richards Valley
BELLEVUE,377,Regular,8,Richards Valley
BELLEVUE,378,Regular,8,Richards Valley
BELLEVUE,379,Regular,8,Richards Valley
BELLEVUE,380,Regular,8,Richards Valley
BELLEVUE,381,Regular,8,Richards Valley
BELLEVUE,382,Regular,8,Richards Valley
BELLEVUE,383,Regular,8,Richards Valley
BELLEVUE,384,Regular,10,Eastgate
BELLEVUE,385,Regular,10,Eastgate
BELLEVUE,386,Regular,10,Eastgate
BELLEVUE,387,Regular,10,Eastgate
BELLEVUE,388,Regular,10,Eastgate
BELLEVUE,389,Regular,8,Richards Valley
BELLEVUE,390,Regular,8,Richards Valley
BELLEVUE,391,Regular,8,Richards Valley
BELLEVUE,392,Regular,8,Richards Valley
BELLEVUE,393,Regular,8,Richards Valley
BELLEVUE,394,Regular,8,Richards Valley
BELLEVUE,395,Park,8,Richards Valley
BELLEVUE,396,Park,8,Richards Valley
BELLEVUE,397,Regular,8,Richards Valley
BELLEVUE,398,Park,8,Richards Valley
BELLEVUE,399,Regular,8,Richards Valley
BELLEVUE,400,Regular,8,Richards Valley
BELLEVUE,401,Regular,8,Richards Valley
BELLEVUE,402,Regular,8,Richards Valley
BELLEVUE,403,Elementary School,8,Richards Valley
BELLEVUE,404,Regular,8,Richards Valley
BELLEVUE,405,Regular,8,Richards Valley
BELLEVUE,406,Regular,8,Richards Valley
BELLEVUE,407,Regular,8,Richards Valley
BELLEVUE,408,Regular,8,Richards Valley
BELLEVUE,409,Regular,8,Richards Valley
BELLEVUE,410,Middle School,8,Richards Valley
BELLEVUE,411,Park,8,Richards Valley
BELLEVUE,412,Regular,8,Richards Valley
BELLEVUE,413,Regular,8,Richards Valley
BELLEVUE,414,Regular,8,Richards Valley
BELLEVUE,415,Regular,8,Richards Valley
BELLEVUE,416,Regular,8,Richards Valley
BELLEVUE,417,Park,4,Wilburton
BELLEVUE,418,Regular,4,Wilburton
BELLEVUE,419,Regular,4,Wilburton
BELLEVUE,420,Regular,4,Wilburton
BELLEVUE,421,Regular,4,Wilburton
BELLEVUE,422,Regular,4,Wilburton
BELLEVUE,423,Regular,4,Wilburton
BELLEVUE,424,Regular,4,Wilburton
BELLEVUE,425,Regular,4,Wilburton
BELLEVUE,426,Regular,4,Wilburton
BELLEVUE,427,Regular,4,Wilburton
BELLEVUE,428,Regular,4,Wilburton
BELLEVUE,429,Regular,4,Wilburton
BELLEVUE,430,Regular,4,Wilburton
BELLEVUE,431,Regular,4,Wilburton
BELLEVUE,432,Regular,4,Wilburton
BELLEVUE,433,Regular,4,Wilburton
BELLEVUE,434,Regular,7,South Bellevue
BELLEVUE,435,Regular,7,South Bellevue
BELLEVUE,436,Regular,7,South Bellevue
BELLEVUE,437,Regular,7,South Bellevue
BELLEVUE,438,Regular,7,South Bellevue
BELLEVUE,439,Regular,7,South Bellevue
BELLEVUE,440,Regular,7,South Bellevue
BELLEVUE,441,Regular,7,South Bellevue
BELLEVUE,442,Regular,7,South Bellevue
BELLEVUE,443,Regular,7,South Bellevue
BELLEVUE,444,Regular,7,South Bellevue
BELLEVUE,445,Regular,7,South Bellevue
BELLEVUE,446,Regular,7,South Bellevue
BELLEVUE,447,Regular,7,South Bellevue
BELLEVUE,448,Regular,7,South Bellevue
BELLEVUE,449,High School,7,South Bellevue
BELLEVUE,450,Regular,7,South Bellevue
BELLEVUE,451,Regular,7,South Bellevue
BELLEVUE,452,Regular,7,South Bellevue
BELLEVUE,453,Regular,7,South Bellevue
BELLEVUE,454,Regular,7,South Bellevue
BELLEVUE,455,Regular,7,South Bellevue
BELLEVUE,456,Regular,7,South Bellevue
BELLEVUE,457,Regular,7,South Bellevue
BELLEVUE,458,Regular,7,South Bellevue
BELLEVUE,459,Regular,7,South Bellevue
BELLEVUE,460,Regular,7,South Bellevue
BELLEVUE,461,Regular,7,South Bellevue
BELLEVUE,462,Regular,7,South Bellevue
BELLEVUE,463,Regular,7,South Bellevue
BELLEVUE,464,Regular,7,South Bellevue
BELLEVUE,465,Regular,7,South Bellevue
BELLEVUE,466,Regular,7,South Bellevue
BELLEVUE,467,Regular,7,South Bellevue
BELLEVUE,468,Regular,7,South Bellevue
BELLEVUE,469,Regular,7,South Bellevue
BELLEVUE,470,Regular,7,South Bellevue
BELLEVUE,471,Regular,7,South Bellevue
BELLEVUE,472,Elementary School,7,South Bellevue
BELLEVUE,473,Regular,7,South Bellevue
BELLEVUE,474,Regular,7,South Bellevue
BELLEVUE,475,Regular,7,South Bellevue
BELLEVUE,476,Regular,7,South Bellevue
BELLEVUE,477,Regular,7,South Bellevue
BELLEVUE,478,Regular,7,South Bellevue
BELLEVUE,479,Regular,7,South Bellevue
BELLEVUE,480,Regular,7,South Bellevue
BELLEVUE,481,Regular,4,Wilburton
BELLEVUE,482,Park,7,South Bellevue
BELLEVUE,483,Regular,7,South Bellevue
BELLEVUE,484,Regular,7,South Bellevue
BELLEVUE,485,Regular,7,South Bellevue
BELLEVUE,486,Park,7,South Bellevue
BELLEVUE,487,Regular,7,South Bellevue
BELLEVUE,488,Regular,14,Newport Hills
BELLEVUE,489,Regular,7,South Bellevue
BELLEVUE,490,Regular,13,Factoria
BELLEVUE,491,Regular,13,Factoria
BELLEVUE,492,Regular,10,Eastgate
BELLEVUE,493,Regular,10,Eastgate
BELLEVUE,494,Regular,10,Eastgate
BELLEVUE,495,Regular,11,Southeast Bellevue
BELLEVUE,496,Regular,11,Southeast Bellevue
BELLEVUE,497,Regular,11,Southeast Bellevue
BELLEVUE,498,Regular,11,Southeast Bellevue
BELLEVUE,499,Regular,11,Southeast Bellevue
BELLEVUE,500,Regular,11,Southeast Bellevue
BELLEVUE,501,Middle School,11,Southeast Bellevue
BELLEVUE,502,Regular,11,Southeast Bellevue
BELLEVUE,503,Elementary School,11,Southeast Bellevue
BELLEVUE,504,Regular,13,Factoria
BELLEVUE,505,Regular,13,Factoria
BELLEVUE,506,Regular,13,Factoria
BELLEVUE,507,Regular,13,Factoria
BELLEVUE,508,Regular,13,Factoria
BELLEVUE,509,Regular,13,Factoria
BELLEVUE,510,Regular,13,Factoria
BELLEVUE,511,Regular,13,Factoria
BELLEVUE,512,High School,13,Factoria
BELLEVUE,513,Regular,13,Factoria
BELLEVUE,514,Regular,13,Factoria
BELLEVUE,515,Regular,13,Factoria
BELLEVUE,516,Regular,13,Factoria
BELLEVUE,517,Regular,13,Factoria
BELLEVUE,518,Regular,11,Southeast Bellevue
BELLEVUE,519,Regular,11,Southeast Bellevue
BELLEVUE,520,Park,11,Southeast Bellevue
BELLEVUE,521,Regular,11,Southeast Bellevue
BELLEVUE,522,Regular,11,Southeast Bellevue
BELLEVUE,523,Regular,11,Southeast Bellevue
BELLEVUE,524,Elementary School,11,Southeast Bellevue
BELLEVUE,525,Regular,11,Southeast Bellevue
BELLEVUE,526,Regular,10,Eastgate
BELLEVUE,527,Regular,10,Eastgate
BELLEVUE,528,Regular,11,Southeast Bellevue
BELLEVUE,529,Regular,11,Southeast Bellevue
BELLEVUE,530,Regular,11,Southeast Bellevue
BELLEVUE,531,Regular,11,Southeast Bellevue
BELLEVUE,532,Regular,11,Southeast Bellevue
BELLEVUE,533,Regular,11,Southeast Bellevue
BELLEVUE,534,Regular,11,Southeast Bellevue
BELLEVUE,535,Regular,11,Southeast Bellevue
BELLEVUE,536,Regular,11,Southeast Bellevue
BELLEVUE,537,Park,11,Southeast Bellevue
BELLEVUE,538,Regular,11,Southeast Bellevue
BELLEVUE,539,Regular,11,Southeast Bellevue
BELLEVUE,540,Regular,11,Southeast Bellevue
BELLEVUE,541,Regular,11,Southeast Bellevue
BELLEVUE,542,Regular,11,Southeast Bellevue
BELLEVUE,543,Elementary School,11,Southeast Bellevue
BELLEVUE,544,Regular,11,Southeast Bellevue
BELLEVUE,545,Regular,11,Southeast Bellevue
BELLEVUE,546,Regular,11,Southeast Bellevue
BELLEVUE,547,Regular,11,Southeast Bellevue
BELLEVUE,548,Regular,11,Southeast Bellevue
BELLEVUE,549,Regular,11,Southeast Bellevue
BELLEVUE,550,Elementary School,11,Southeast Bellevue
BELLEVUE,551,Regular,11,Southeast Bellevue
BELLEVUE,552,Regular,11,Southeast Bellevue
BELLEVUE,553,Regular,11,Southeast Bellevue
BELLEVUE,554,Regular,11,Southeast Bellevue
BELLEVUE,555,Regular,11,Southeast Bellevue
BELLEVUE,556,Regular,11,Southeast Bellevue
BELLEVUE,557,Regular,11,Southeast Bellevue
BELLEVUE,558,Regular,11,Southeast Bellevue
BELLEVUE,559,Regular,11,Southeast Bellevue
BELLEVUE,560,Regular,11,Southeast Bellevue
BELLEVUE,561,Park,11,Southeast Bellevue
BELLEVUE,562,Regular,11,Southeast Bellevue
BELLEVUE,563,Regular,11,Southeast Bellevue
BELLEVUE,564,Regular,11,Southeast Bellevue
BELLEVUE,565,Park,11,Southeast Bellevue
BELLEVUE,566,Regular,11,Southeast Bellevue
BELLEVUE,567,Regular,11,Southeast Bellevue
BELLEVUE,568,Regular,11,Southeast Bellevue
BELLEVUE,569,Regular,11,Southeast Bellevue
BELLEVUE,570,Regular,11,Southeast Bellevue
BELLEVUE,571,Regular,11,Southeast Bellevue
BELLEVUE,572,Regular,11,Southeast Bellevue
BELLEVUE,573,Regular,11,Southeast Bellevue
BELLEVUE,574,Regular,11,Southeast Bellevue
BELLEVUE,575,Regular,11,Southeast Bellevue
BELLEVUE,576,Regular,11,Southeast Bellevue
BELLEVUE,577,Elementary School,11,Southeast Bellevue
BELLEVUE,578,Regular,11,Southeast Bellevue
BELLEVUE,579,Regular,11,Southeast Bellevue
BELLEVUE,580,Regular,11,Southeast Bellevue
BELLEVUE,581,Regular,11,Southeast Bellevue
BELLEVUE,582,Regular,11,Southeast Bellevue
BELLEVUE,583,Regular,11,Southeast Bellevue
BELLEVUE,584,Regular,11,Southeast Bellevue
BELLEVUE,585,Regular,11,Southeast Bellevue
BELLEVUE,586,Regular,11,Southeast Bellevue
BELLEVUE,587,Regular,11,Southeast Bellevue
BELLEVUE,588,Regular,11,Southeast Bellevue
BELLEVUE,589,Regular,11,Southeast Bellevue
BELLEVUE,590,Regular,13,Factoria
BELLEVUE,591,Regular,13,Factoria
BELLEVUE,592,Regular,14,Newport Hills
BELLEVUE,593,Elementary School,14,Newport Hills
BELLEVUE,594,Regular,14,Newport Hills
BELLEVUE,595,Regular,14,Newport Hills
BELLEVUE,596,Regular,14,Newport Hills
BELLEVUE,597,Regular,14,Newport Hills
BELLEVUE,598,Regular,14,Newport Hills
BELLEVUE,599,Regular,14,Newport Hills
BELLEVUE,600,Regular,14,Newport Hills
BELLEVUE,601,Regular,14,Newport Hills
BELLEVUE,602,Regular,14,Newport Hills
BELLEVUE,603,Regular,14,Newport Hills
BELLEVUE,604,Regular,14,Newport Hills
BELLEVUE,605,Regular,14,Newport Hills
BELLEVUE,606,Elementary School,14,Newport Hills
BELLEVUE,607,Regular,14,Newport Hills
BELLEVUE,608,Regular,14,Newport Hills
BELLEVUE,609,Middle School,14,Newport Hills
BELLEVUE,610,Park,14,Newport Hills
BELLEVUE,611,Regular,14,Newport Hills
BELLEVUE,612,Regular,14,Newport Hills
BELLEVUE,613,Regular,14,Newport Hills
BELLEVUE,614,Regular,14,Newport Hills
BELLEVUE,615,Regular,14,Newport Hills
BELLEVUE,616,Regular,14,Newport Hills
BellevueFringe,617,Regular,50,Fringe KC
BellevueFringe,618,Regular,50,Fringe KC
BellevueFringe,619,Regular,50,Fringe KC
BellevueFringe,620,Regular,50,Fringe KC
BellevueFringe,621,Regular,50,Fringe KC
BellevueFringe,622,Regular,50,Fringe KC
BellevueFringe,623,Regular,50,Fringe KC
BellevueFringe,624,Regular,50,Fringe KC
BellevueFringe,625,Regular,50,Fringe KC
BellevueFringe,626,Park,50,Fringe KC
BellevueFringe,627,Regular,50,Fringe KC
BellevueFringe,628,Regular,50,Fringe KC
BellevueFringe,629,Elementary School,50,Fringe KC
BellevueFringe,630,Middle School,50,Fringe KC
BellevueFringe,631,Regular,50,Fringe KC
BellevueFringe,632,Regular,50,Fringe KC
BellevueFringe,633,Elementary School,50,Fringe KC
BellevueFringe,634,Regular,50,Fringe KC
BellevueFringe,635,Regular,50,Fringe KC
BellevueFringe,636,Regular,47,Fringe KC
BellevueFringe,637,Regular,47,Fringe KC
BellevueFringe,638,Regular,47,Fringe KC
BellevueFringe,639,Regular,48,Fringe KC
BellevueFringe,640,Regular,48,Fringe KC
BellevueFringe,641,Park,48,Fringe KC
BellevueFringe,642,Regular,48,Fringe KC
BellevueFringe,643,Park,48,Fringe KC
BellevueFringe,644,Regular,49,Fringe KC
BellevueFringe,645,Regular,49,Fringe KC
BellevueFringe,646,Regular,49,Fringe KC
BellevueFringe,647,Regular,49,Fringe KC
BellevueFringe,648,Regular,49,Fringe KC
BellevueFringe,649,Regular,49,Fringe KC
BellevueFringe,650,Regular,49,Fringe KC
BellevueFringe,651,Regular,49,Fringe KC
BellevueFringe,652,Regular,49,Fringe KC
BellevueFringe,653,Regular,49,Fringe KC
BellevueFringe,654,Regular,49,Fringe KC
BellevueFringe,655,Regular,49,Fringe KC
BellevueFringe,656,Regular,49,Fringe KC
BellevueFringe,657,Regular,49,Fringe KC
BellevueFringe,658,Regular,7,South Bellevue
KIRKLAND,681,Regular,25,Lakeview
KIRKLAND,682,Regular,25,Lakeview
KIRKLAND,683,Regular,25,Lakeview
KIRKLAND,684,Regular,25,Lakeview
KIRKLAND,685,Regular,25,Lakeview
KIRKLAND,686,Regular,21,Central Houghton
KIRKLAND,687,Regular,21,Central Houghton
KIRKLAND,688,Park,21,Central Houghton
KIRKLAND,689,Regular,15,Bridle Trails
KIRKLAND,690,Regular,21,Central Houghton
KIRKLAND,691,High School,21,Central Houghton
KIRKLAND,692,Regular,21,Central Houghton
KIRKLAND,693,Regular,25,Lakeview
KIRKLAND,694,Regular,25,Lakeview
KIRKLAND,695,Regular,25,Lakeview
KIRKLAND,696,Regular,25,Lakeview
KIRKLAND,697,Regular,21,Central Houghton
KIRKLAND,698,College,21,Central Houghton
KIRKLAND,699,Regular,21,Central Houghton
KIRKLAND,700,Regular,21,Central Houghton
KIRKLAND,701,Regular,25,Lakeview
KIRKLAND,702,Regular,25,Lakeview
KIRKLAND,703,Regular,25,Lakeview
KIRKLAND,704,Regular,25,Lakeview
KIRKLAND,705,Regular,25,Lakeview
KIRKLAND,706,Regular,25,Lakeview
KIRKLAND,707,Regular,25,Lakeview
KIRKLAND,708,Regular,21,Central Houghton
KIRKLAND,709,Regular,21,Central Houghton
KIRKLAND,710,Regular,21,Central Houghton
KIRKLAND,711,Regular,21,Central Houghton
KIRKLAND,712,Middle School,21,Central Houghton
KIRKLAND,713,Regular,15,Bridle Trails
KIRKLAND,714,Regular,15,Bridle Trails
KIRKLAND,715,Regular,15,Bridle Trails
KIRKLAND,716,Regular,15,Bridle Trails
KIRKLAND,717,Regular,15,Bridle Trails
KIRKLAND,718,Elementary School,15,Bridle Trails
KIRKLAND,719,Regular,15,Bridle Trails
KIRKLAND,720,Regular,15,Bridle Trails
KIRKLAND,721,Regular,15,Bridle Trails
KIRKLAND,722,Regular,15,Bridle Trails
KIRKLAND,723,Regular,16,South Rose Hill
KIRKLAND,724,Regular,16,South Rose Hill
KIRKLAND,725,Regular,16,South Rose Hill
KIRKLAND,726,Regular,16,South Rose Hill
KIRKLAND,727,Regular,16,South Rose Hill
KIRKLAND,728,Regular,16,South Rose Hill
KIRKLAND,729,Regular,16,South Rose Hill
KIRKLAND,730,High School,16,South Rose Hill
KIRKLAND,731,Regular,16,South Rose Hill
KIRKLAND,732,Regular,29,Everest
KIRKLAND,733,Regular,29,Everest
KIRKLAND,734,Regular,29,Everest
KIRKLAND,735,Regular,29,Everest
KIRKLAND,736,Regular,29,Everest
KIRKLAND,737,Regular,28,Moss Bay
KIRKLAND,738,Regular,28,Moss Bay
KIRKLAND,739,Regular,28,Moss Bay
KIRKLAND,740,Regular,28,Moss Bay
KIRKLAND,741,Regular,28,Moss Bay
KIRKLAND,742,Regular,28,Moss Bay
KIRKLAND,743,Regular,28,Moss Bay
KIRKLAND,744,Regular,28,Moss Bay
KIRKLAND,745,Regular,28,Moss Bay
KIRKLAND,746,Regular,28,Moss Bay
KIRKLAND,747,Regular,28,Moss Bay
KIRKLAND,748,Regular,28,Moss Bay
KIRKLAND,749,Regular,28,Moss Bay
KIRKLAND,750,Park,28,Moss Bay
KIRKLAND,751,Regular,28,Moss Bay
KIRKLAND,752,Regular,28,Moss Bay
KIRKLAND,753,Regular,28,Moss Bay
KIRKLAND,754,Regular,28,Moss Bay
KIRKLAND,755,Regular,29,Everest
KIRKLAND,756,Regular,16,South Rose Hill
KIRKLAND,757,Regular,16,South Rose Hill
KIRKLAND,758,Regular,16,South Rose Hill
KIRKLAND,759,Regular,16,South Rose Hill
KIRKLAND,760,Regular,16,South Rose Hill
KIRKLAND,761,Regular,16,South Rose Hill
KIRKLAND,762,Elementary School,16,South Rose Hill
KIRKLAND,763,Regular,16,South Rose Hill
KIRKLAND,764,Regular,19,North Rose Hill
KIRKLAND,765,Regular,19,North Rose Hill
KIRKLAND,766,Regular,19,North Rose Hill
KIRKLAND,767,Regular,19,North Rose Hill
KIRKLAND,768,Regular,17,Norkirk
KIRKLAND,769,Regular,17,Norkirk
KIRKLAND,770,Regular,17,Norkirk
KIRKLAND,771,Regular,26,Market
KIRKLAND,772,Regular,17,Norkirk
KIRKLAND,773,Regular,17,Norkirk
KIRKLAND,774,Regular,17,Norkirk
KIRKLAND,775,Elementary School,17,Norkirk
KIRKLAND,776,Regular,18,Highlands
KIRKLAND,777,Regular,19,North Rose Hill
KIRKLAND,778,Regular,19,North Rose Hill
KIRKLAND,779,Elementary School,19,North Rose Hill
KIRKLAND,780,Regular,19,North Rose Hill
KIRKLAND,781,Regular,19,North Rose Hill
KIRKLAND,782,Regular,19,North Rose Hill
KIRKLAND,783,Regular,19,North Rose Hill
KIRKLAND,784,Regular,18,Highlands
KIRKLAND,785,Regular,17,Norkirk
KIRKLAND,786,Park,17,Norkirk
KIRKLAND,787,Middle School,17,Norkirk
KIRKLAND,788,Regular,17,Norkirk
KIRKLAND,789,Regular,17,Norkirk
KIRKLAND,790,Regular,26,Market
KIRKLAND,791,Park,26,Market
KIRKLAND,792,Regular,27,South Juanita
KIRKLAND,793,Regular,27,South Juanita
KIRKLAND,794,Regular,27,South Juanita
KIRKLAND,795,Regular,20,Totem Lake
KIRKLAND,796,Regular,20,Totem Lake
KIRKLAND,797,Regular,19,North Rose Hill
KIRKLAND,798,Regular,19,North Rose Hill
KIRKLAND,799,Regular,19,North Rose Hill
KIRKLAND,800,College,19,North Rose Hill
KIRKLAND,801,Regular,19,North Rose Hill
KIRKLAND,802,Regular,20,Totem Lake
KIRKLAND,803,Regular,20,Totem Lake
KIRKLAND,804,Regular,20,Totem Lake
KIRKLAND,805,Regular,27,South Juanita
KIRKLAND,806,Elementary School,27,South Juanita
KIRKLAND,807,Regular,27,South Juanita
KIRKLAND,808,Regular,27,South Juanita
KIRKLAND,809,Regular,27,South Juanita
KIRKLAND,810,Regular,20,Totem Lake
KIRKLAND,811,Regular,20,Totem Lake
KIRKLAND,812,Regular,27,South Juanita
KIRKLAND,813,Regular,27,South Juanita
KIRKLAND,814,Regular,27,South Juanita
KIRKLAND,815,Regular,27,South Juanita
KIRKLAND,816,Park,27,South Juanita
KIRKLAND,817,Regular,27,South Juanita
KIRKLAND,818,Regular,27,South Juanita
KIRKLAND,819,Regular,24,Finn Hill
KIRKLAND,820,Regular,24,Finn Hill
KIRKLAND,821,Regular,0,
KIRKLAND,822,Regular,24,Finn Hill
KIRKLAND,823,Regular,24,Finn Hill
KIRKLAND,824,Regular,24,Finn Hill
KIRKLAND,825,Park,24,Finn Hill
KIRKLAND,826,Park,24,Finn Hill
KIRKLAND,827,Regular,24,Finn Hill
KIRKLAND,828,Regular,24,Finn Hill
KIRKLAND,829,Regular,24,Finn Hill
KIRKLAND,830,Regular,24,Finn Hill
KIRKLAND,831,Regular,24,Finn Hill
KIRKLAND,832,Park,24,Finn Hill
KIRKLAND,833,Regular,24,Finn Hill
KIRKLAND,834,Regular,24,Finn Hill
KIRKLAND,835,Regular,24,Finn Hill
KIRKLAND,836,Middle School,24,Finn Hill
KIRKLAND,837,Regular,24,Finn Hill
KIRKLAND,838,Elementary School,24,Finn Hill
KIRKLAND,839,Regular,24,Finn Hill
KIRKLAND,840,Regular,24,Finn Hill
KIRKLAND,841,Regular,24,Finn Hill
KIRKLAND,842,Regular,24,Finn Hill
KIRKLAND,843,Regular,24,Finn Hill
KIRKLAND,844,Regular,24,Finn Hill
KIRKLAND,845,Regular,24,Finn Hill
KIRKLAND,846,Regular,24,Finn Hill
KIRKLAND,847,Regular,24,Finn Hill
KIRKLAND,848,Regular,23,North Juanita
KIRKLAND,849,Regular,23,North Juanita
KIRKLAND,850,Elementary School,23,North Juanita
KIRKLAND,851,Regular,24,Finn Hill
KIRKLAND,852,Regular,24,Finn Hill
KIRKLAND,853,Regular,24,Finn Hill
KIRKLAND,854,Regular,23,North Juanita
KIRKLAND,855,Regular,23,North Juanita
KIRKLAND,856,Regular,23,North Juanita
KIRKLAND,857,Elementary School,23,North Juanita
KIRKLAND,858,Regular,23,North Juanita
KIRKLAND,859,Regular,23,North Juanita
KIRKLAND,860,Regular,23,North Juanita
KIRKLAND,861,Regular,23,North Juanita
KIRKLAND,862,Regular,23,North Juanita
KIRKLAND,863,Regular,23,North Juanita
KIRKLAND,864,High School,23,North Juanita
KIRKLAND,865,Regular,20,Totem Lake
KIRKLAND,866,Regular,23,North Juanita
KIRKLAND,867,Regular,23,North Juanita
KIRKLAND,868,Regular,20,Totem Lake
KIRKLAND,869,Regular,20,Totem Lake
KIRKLAND,870,Regular,20,Totem Lake
KIRKLAND,871,Regular,20,Totem Lake
KIRKLAND,872,Regular,20,Totem Lake
KIRKLAND,873,Regular,20,Totem Lake
KIRKLAND,874,Regular,20,Totem Lake
KIRKLAND,875,Regular,19,North Rose Hill
KIRKLAND,876,Regular,20,Totem Lake
KIRKLAND,877,Regular,20,Totem Lake
KIRKLAND,878,Regular,20,Totem Lake
KIRKLAND,879,Regular,20,Totem Lake
KIRKLAND,880,Regular,20,Totem Lake
KIRKLAND,881,Regular,20,Totem Lake
KIRKLAND,882,Regular,20,Totem Lake
KIRKLAND,883,Regular,22,Kingsgate
KIRKLAND,884,Regular,22,Kingsgate
KIRKLAND,885,Regular,22,Kingsgate
KIRKLAND,886,Regular,22,Kingsgate
KIRKLAND,887,Regular,22,Kingsgate
KIRKLAND,888,Regular,22,Kingsgate
KIRKLAND,889,Elementary School,22,Kingsgate
KIRKLAND,890,Regular,22,Kingsgate
KIRKLAND,891,Regular,22,Kingsgate
KIRKLAND,892,Elementary School,22,Kingsgate
KIRKLAND,893,Regular,22,Kingsgate
KIRKLAND,894,Regular,22,Kingsgate
KIRKLAND,895,Middle School,22,Kingsgate
KIRKLAND,896,Regular,22,Kingsgate
KIRKLAND,897,Regular,22,Kingsgate
KirklandFringe,898,Park,15,Bridle Trails
KirklandFringe,899,Park,42,Fringe KC
KirklandFringe,900,College,42,Fringe KC
KirklandFringe,901,Regular,42,Fringe KC
KirklandFringe,902,Regular,42,Fringe KC
KirklandFringe,903,Regular,42,Fringe KC
KirklandFringe,904,Regular,42,Fringe KC
KirklandFringe,905,Regular,43,Fringe KC
KirklandFringe,906,Regular,43,Fringe KC
KirklandFringe,907,Regular,43,Fringe KC
KirklandFringe,908,Regular,43,Fringe KC
KirklandFringe,909,Regular,41,Fringe KC
KirklandFringe,910,Regular,43,Fringe KC
KirklandFringe,911,Regular,43,Fringe KC
KirklandFringe,912,Regular,43,Fringe KC
KirklandFringe,913,Regular,43,Fringe KC
KirklandFringe,914,Regular,42,Fringe KC
KirklandFringe,915,Regular,42,Fringe KC
KirklandFringe,916,Regular,42,Fringe KC
KirklandFringe,917,Regular,43,Fringe KC
KirklandFringe,918,Regular,43,Fringe KC
REDMOND,931,Regular,31,Overlake
REDMOND,932,Regular,31,Overlake
REDMOND,933,Regular,31,Overlake
REDMOND,934,Regular,31,Overlake
REDMOND,935,Regular,31,Overlake
REDMOND,936,Regular,31,Overlake
REDMOND,937,Regular,31,Overlake
REDMOND,938,Regular,31,Overlake
REDMOND,939,Regular,31,Overlake
REDMOND,940,Regular,31,Overlake
REDMOND,941,Regular,31,Overlake
REDMOND,942,Regular,31,Overlake
REDMOND,943,Regular,31,Overlake
REDMOND,944,Regular,31,Overlake
REDMOND,945,Regular,31,Overlake
REDMOND,946,Regular,31,Overlake
REDMOND,947,Regular,31,Overlake
REDMOND,948,Regular,31,Overlake
REDMOND,949,Regular,31,Overlake
REDMOND,950,Regular,31,Overlake
REDMOND,951,Regular,31,Overlake
REDMOND,952,Regular,31,Overlake
REDMOND,953,Regular,31,Overlake
REDMOND,954,Regular,31,Overlake
REDMOND,955,Regular,31,Overlake
REDMOND,956,Regular,31,Overlake
REDMOND,957,Regular,31,Overlake
REDMOND,958,Regular,31,Overlake
REDMOND,959,Regular,31,Overlake
REDMOND,960,Regular,31,Overlake
REDMOND,961,Regular,30,Idylwood
REDMOND,962,Regular,30,Idylwood
REDMOND,963,Regular,30,Idylwood
REDMOND,964,Regular,30,Idylwood
REDMOND,965,Regular,30,Idylwood
REDMOND,966,Regular,30,Idylwood
REDMOND,967,Regular,30,Idylwood
REDMOND,968,Regular,30,Idylwood
REDMOND,969,Regular,30,Idylwood
REDMOND,970,Regular,30,Idylwood
REDMOND,971,Regular,30,Idylwood
REDMOND,972,Elementary School,30,Idylwood
REDMOND,973,Regular,30,Idylwood
REDMOND,974,Regular,30,Idylwood
REDMOND,975,Regular,30,Idylwood
REDMOND,976,Regular,31,Overlake
REDMOND,977,Regular,31,Overlake
REDMOND,978,Regular,31,Overlake
REDMOND,979,Regular,31,Overlake
REDMOND,980,Regular,31,Overlake
REDMOND,981,Regular,31,Overlake
REDMOND,982,Regular,31,Overlake
REDMOND,983,Regular,31,Overlake
REDMOND,984,Regular,31,Overlake
REDMOND,985,Regular,31,Overlake
REDMOND,986,Regular,31,Overlake
REDMOND,987,Regular,32,Grass Lawn
REDMOND,988,Regular,32,Grass Lawn
REDMOND,989,Regular,32,Grass Lawn
REDMOND,990,Regular,32,Grass Lawn
REDMOND,991,Elementary School,32,Grass Lawn
REDMOND,992,Regular,32,Grass Lawn
REDMOND,993,Regular,32,Grass Lawn
REDMOND,994,Park,32,Grass Lawn
REDMOND,995,Regular,32,Grass Lawn
REDMOND,996,Regular,32,Grass Lawn
REDMOND,997,Regular,32,Grass Lawn
REDMOND,998,Regular,32,Grass Lawn
REDMOND,999,Middle School,32,Grass Lawn
REDMOND,1000,Regular,32,Grass Lawn
REDMOND,1001,Regular,32,Grass Lawn
REDMOND,1002,Regular,32,Grass Lawn
REDMOND,1003,Regular,32,Grass Lawn
REDMOND,1004,Regular,32,Grass Lawn
REDMOND,1005,Regular,32,Grass Lawn
REDMOND,1006,Regular,32,Grass Lawn
REDMOND,1007,Regular,38,Willows / Rose Hill
REDMOND,1008,Regular,38,Willows / Rose Hill
REDMOND,1009,Regular,38,Willows / Rose Hill
REDMOND,1010,Regular,38,Willows / Rose Hill
REDMOND,1011,Regular,38,Willows / Rose Hill
REDMOND,1012,Regular,32,Grass Lawn
REDMOND,1013,Regular,38,Willows / Rose Hill
REDMOND,1014,Regular,38,Willows / Rose Hill
REDMOND,1015,Regular,38,Willows / Rose Hill
REDMOND,1016,Regular,38,Willows / Rose Hill
REDMOND,1017,Regular,38,Willows / Rose Hill
REDMOND,1018,Regular,38,Willows / Rose Hill
REDMOND,1019,Regular,38,Willows / Rose Hill
REDMOND,1020,Regular,38,Willows / Rose Hill
REDMOND,1021,Regular,38,Willows / Rose Hill
REDMOND,1022,Regular,38,Willows / Rose Hill
REDMOND,1023,Regular,38,Willows / Rose Hill
REDMOND,1024,Regular,37,Sammamish Valley
REDMOND,1025,Park,37,Sammamish Valley
REDMOND,1026,Regular,39,North Redmond
REDMOND,1027,Regular,36,Education Hill
REDMOND,1028,Regular,37,Sammamish Valley
REDMOND,1029,Regular,35,Downtown
REDMOND,1030,Regular,35,Downtown
REDMOND,1031,Regular,35,Downtown
REDMOND,1032,Regular,35,Downtown
REDMOND,1033,Regular,35,Downtown
REDMOND,1034,Regular,37,Sammamish Valley
REDMOND,1035,Regular,37,Sammamish Valley
REDMOND,1036,Regular,37,Sammamish Valley
REDMOND,1037,Regular,35,Downtown
REDMOND,1038,Regular,35,Downtown
REDMOND,1039,Regular,35,Downtown
REDMOND,1040,Regular,35,Downtown
REDMOND,1041,Regular,36,Education Hill
REDMOND,1042,Regular,35,Downtown
REDMOND,1043,Regular,35,Downtown
REDMOND,1044,Regular,35,Downtown
REDMOND,1045,Regular,35,Downtown
REDMOND,1046,Regular,35,Downtown
REDMOND,1047,Regular,35,Downtown
REDMOND,1048,Regular,35,Downtown
REDMOND,1049,Regular,35,Downtown
REDMOND,1050,Regular,35,Downtown
REDMOND,1051,Regular,35,Downtown
REDMOND,1052,Elementary School,35,Downtown
REDMOND,1053,Regular,35,Downtown
REDMOND,1054,Regular,35,Downtown
REDMOND,1055,Regular,35,Downtown
REDMOND,1056,Regular,35,Downtown
REDMOND,1057,Regular,35,Downtown
REDMOND,1058,Regular,35,Downtown
REDMOND,1059,Regular,35,Downtown
REDMOND,1060,Regular,35,Downtown
REDMOND,1061,Regular,35,Downtown
REDMOND,1062,Regular,35,Downtown
REDMOND,1063,Regular,35,Downtown
REDMOND,1064,Regular,35,Downtown
REDMOND,1065,Regular,35,Downtown
REDMOND,1066,Regular,35,Downtown
REDMOND,1067,Regular,35,Downtown
REDMOND,1068,Regular,35,Downtown
REDMOND,1069,Regular,35,Downtown
REDMOND,1070,Regular,35,Downtown
REDMOND,1071,Regular,35,Downtown
REDMOND,1072,Regular,35,Downtown
REDMOND,1073,Regular,35,Downtown
REDMOND,1074,Regular,35,Downtown
REDMOND,1075,Regular,35,Downtown
REDMOND,1076,Regular,35,Downtown
REDMOND,1077,Park,35,Downtown
REDMOND,1078,Regular,35,Downtown
REDMOND,1079,Regular,35,Downtown
REDMOND,1080,Regular,35,Downtown
REDMOND,1081,Regular,35,Downtown
REDMOND,1082,Regular,35,Downtown
REDMOND,1083,Regular,35,Downtown
REDMOND,1084,Regular,35,Downtown
REDMOND,1085,Regular,35,Downtown
REDMOND,1086,Regular,35,Downtown
REDMOND,1087,Regular,35,Downtown
REDMOND,1088,Regular,35,Downtown
REDMOND,1089,Park,35,Downtown
REDMOND,1090,Regular,35,Downtown
REDMOND,1091,Park,33,SE Redmond
REDMOND,1092,Regular,33,SE Redmond
REDMOND,1093,Regular,33,SE Redmond
REDMOND,1094,Regular,33,SE Redmond
REDMOND,1095,Regular,33,SE Redmond
REDMOND,1096,Regular,33,SE Redmond
REDMOND,1097,Regular,33,SE Redmond
REDMOND,1098,Regular,35,Downtown
REDMOND,1099,Regular,35,Downtown
REDMOND,1100,Regular,35,Downtown
REDMOND,1101,Regular,35,Downtown
REDMOND,1102,Regular,35,Downtown
REDMOND,1103,Regular,36,Education Hill
REDMOND,1104,Park,35,Downtown
REDMOND,1105,Regular,33,SE Redmond
REDMOND,1106,Regular,33,SE Redmond
REDMOND,1107,Regular,33,SE Redmond
REDMOND,1108,Regular,33,SE Redmond
REDMOND,1109,Regular,33,SE Redmond
REDMOND,1110,Regular,33,SE Redmond
REDMOND,1111,Regular,33,SE Redmond
REDMOND,1112,Regular,33,SE Redmond
REDMOND,1113,Regular,33,SE Redmond
REDMOND,1114,Regular,33,SE Redmond
REDMOND,1115,Regular,33,SE Redmond
REDMOND,1116,Regular,33,SE Redmond
REDMOND,1117,Regular,33,SE Redmond
REDMOND,1118,Regular,33,SE Redmond
REDMOND,1119,Regular,33,SE Redmond
REDMOND,1120,Regular,33,SE Redmond
REDMOND,1121,Regular,33,SE Redmond
REDMOND,1122,Regular,33,SE Redmond
REDMOND,1123,Regular,33,SE Redmond
REDMOND,1124,Regular,33,SE Redmond
REDMOND,1125,Regular,33,SE Redmond
REDMOND,1126,Regular,33,SE Redmond
REDMOND,1127,Regular,33,SE Redmond
REDMOND,1128,Regular,33,SE Redmond
REDMOND,1129,Regular,33,SE Redmond
REDMOND,1130,Regular,33,SE Redmond
REDMOND,1131,Park,34,Bear Creek
REDMOND,1132,Regular,34,Bear Creek
REDMOND,1133,Regular,33,SE Redmond
REDMOND,1134,Regular,33,SE Redmond
REDMOND,1135,Regular,34,Bear Creek
REDMOND,1136,Regular,36,Education Hill
REDMOND,1137,Regular,36,Education Hill
REDMOND,1138,Regular,36,Education Hill
REDMOND,1139,Regular,36,Education Hill
REDMOND,1140,Regular,36,Education Hill
REDMOND,1141,Regular,36,Education Hill
REDMOND,1142,Regular,34,Bear Creek
REDMOND,1143,Regular,34,Bear Creek
REDMOND,1144,Regular,34,Bear Creek
REDMOND,1145,Regular,34,Bear Creek
REDMOND,1146,Regular,34,Bear Creek
REDMOND,1147,Regular,34,Bear Creek
REDMOND,1148,Regular,34,Bear Creek
REDMOND,1149,Regular,34,Bear Creek
REDMOND,1150,Regular,36,Education Hill
REDMOND,1151,Regular,36,Education Hill
REDMOND,1152,Regular,36,Education Hill
REDMOND,1153,Regular,36,Education Hill
REDMOND,1154,Middle School,36,Education Hill
REDMOND,1155,Regular,36,Education Hill
REDMOND,1156,Elementary School,36,Education Hill
REDMOND,1157,Park,36,Education Hill
REDMOND,1158,Regular,36,Education Hill
REDMOND,1159,Regular,36,Education Hill
REDMOND,1160,Regular,36,Education Hill
REDMOND,1161,Regular,36,Education Hill
REDMOND,1162,Regular,36,Education Hill
REDMOND,1163,High School,36,Education Hill
REDMOND,1164,Regular,36,Education Hill
REDMOND,1165,Regular,36,Education Hill
REDMOND,1166,Regular,36,Education Hill
REDMOND,1167,Regular,36,Education Hill
REDMOND,1168,Regular,36,Education Hill
REDMOND,1169,Regular,36,Education Hill
REDMOND,1170,Elementary School,36,Education Hill
REDMOND,1171,Regular,39,North Redmond
REDMOND,1172,Regular,39,North Redmond
REDMOND,1173,Regular,39,North Redmond
REDMOND,1174,Regular,39,North Redmond
REDMOND,1175,Regular,39,North Redmond
REDMOND,1176,Elementary School,39,North Redmond
REDMOND,1177,Regular,39,North Redmond
REDMOND,1178,Regular,39,North Redmond
REDMOND,1179,Regular,39,North Redmond
REDMOND,1180,Regular,39,North Redmond
REDMOND,1181,Regular,39,North Redmond
REDMOND,1182,Regular,39,North Redmond
REDMOND,1183,Regular,39,North Redmond
RedmondFringe,1184,Regular,38,Willows / Rose Hill
RedmondFringe,1185,Regular,38,Willows / Rose Hill
RedmondFringe,1186,Park,41,Fringe KC
RedmondFringe,1187,Regular,41,Fringe KC
RedmondFringe,1188,Regular,41,Fringe KC
RedmondFringe,1189,Regular,41,Fringe KC
RedmondFringe,1190,Regular,41,Fringe KC
RedmondFringe,1191,Regular,41,Fringe KC
RedmondFringe,1192,Regular,39,North Redmond
RedmondFringe,1193,Regular,45,Fringe KC
RedmondFringe,1194,Regular,45,Fringe KC
RedmondFringe,1195,Regular,40,English Hill
RedmondFringe,1196,Regular,41,Fringe KC
RedmondFringe,1197,Regular,44,Fringe KC
RedmondFringe,1198,Regular,44,Fringe KC
RedmondFringe,1199,Regular,44,Fringe KC
RedmondFringe,1200,Regular,45,Fringe KC
RedmondFringe,1201,Regular,45,Fringe KC
RedmondFringe,1202,Regular,45,Fringe KC
RedmondFringe,1203,Regular,45,Fringe KC
RedmondFringe,1204,Regular,45,Fringe KC
RedmondFringe,1205,Regular,39,North Redmond
RedmondFringe,1206,Regular,45,Fringe KC
RedmondFringe,1207,Regular,45,Fringe KC
RedmondFringe,1208,Regular,46,Fringe KC
RedmondFringe,1209,Regular,46,Fringe KC
RedmondFringe,1210,Regular,46,Fringe KC
RedmondFringe,1211,Regular,46,Fringe KC
RedmondFringe,1212,Regular,46,Fringe KC
RedmondFringe,1213,Regular,46,Fringe KC
RedmondFringe,1214,Regular,46,Fringe KC
RedmondFringe,1215,Regular,46,Fringe KC
Rest of KC,1231,External,0,
Rest of KC,1232,External,0,
Rest of KC,1233,External,0,
Rest of KC,1234,External,0,
Rest of KC,1235,External,0,
Rest of KC,1236,External,0,
Rest of KC,1237,External,0,
Rest of KC,1238,External,0,
Rest of KC,1239,External,0,
Rest of KC,1240,External,0,
Rest of KC,1241,External,0,
Rest of KC,1242,External,0,
Rest of KC,1243,External,0,
Rest of KC,1244,External,0,
Rest of KC,1245,External,0,
Rest of KC,1246,External,0,
Rest of KC,1247,External,0,
Rest of KC,1248,External,0,
Rest of KC,1249,External,0,
Rest of KC,1250,External,0,
Rest of KC,1251,External,0,
Rest of KC,1252,External,0,
Rest of KC,1253,External,0,
Rest of KC,1254,External,0,
Rest of KC,1255,External,0,
Rest of KC,1256,External,0,
Rest of KC,1257,External,0,
Rest of KC,1258,External,0,
Rest of KC,1259,External,0,
Rest of KC,1260,External,0,
Rest of KC,1261,External,0,
Rest of KC,1262,External,0,
Rest of KC,1263,External,0,
Rest of KC,1264,External,0,
Rest of KC,1265,External,0,
Rest of KC,1266,External,0,
Rest of KC,1267,External,0,
Rest of KC,1268,External,0,
Rest of KC,1269,External,0,
Rest of KC,1270,External,0,
Rest of KC,1271,External,0,
Rest of KC,1272,External,0,
Rest of KC,1273,External,0,
Rest of KC,1274,External,0,
External,1275,External,0,
External,1276,External,0,
External,1277,External,0,
External,1278,External,0,
External,1279,External,0,
External,1280,External,0,
External,1281,External,0,
External,1282,External,0,
External,1283,External,0,
External,1284,External,0,
External,1285,External,0,
External,1286,External,0,
External,1287,External,0,
External,1288,External,0,
External,1289,External,0,
External,1290,External,0,
External,1291,External,0,
External,1292,External,0,
External,1293,External,0,
External,1294,External,0,
Rest of KC,1295,External,0,
Rest of KC,1296,External,0,
Rest of KC,1297,External,0,
Rest of KC,1298,External,0,
Rest of KC,1299,External,0,
Rest of KC,1300,External,0,
Rest of KC,1301,External,0,
Rest of KC,1302,External,0,
Rest of KC,1303,External,0,
Rest of KC,1304,External,0,
Rest of KC,1305,External,0,
Rest of KC,1306,External,0,
Rest of KC,1307,External,0,
Rest of KC,1308,External,0,
Rest of KC,1309,External,0,
Rest of KC,1310,External,0,
Rest of KC,1311,External,0,
Rest of KC,1312,External,0,
Rest of KC,1313,External,0,
Rest of KC,1314,External,0,
Rest of KC,1315,External,0,
Rest of KC,1316,External,0,
Rest of KC,1317,External,0,
External,1318,External,0,
External,1319,External,0,
External,1320,External,0,
External,1321,External,0,
External,1322,External,0,
External,1323,External,0,
Rest of KC,1324,External,0,
Rest of KC,1325,External,0,
Rest of KC,1326,External,0,
Rest of KC,1327,External,0,
Rest of KC,1328,External,0,
Rest of KC,1329,External,0,
Rest of KC,1330,External,0,
Rest of KC,1331,External,0,
Rest of KC,1332,External,0,
Rest of KC,1333,External,0,
Rest of KC,1334,External,0,
Rest of KC,1335,External,0,
Rest of KC,1336,External,0,
Rest of KC,1337,External,0,
Rest of KC,1338,External,0,
Rest of KC,1339,External,0,
Rest of KC,1340,External,0,
Rest of KC,1341,External,0,
Rest of KC,1342,External,0,
Rest of KC,1343,External,0,
Rest of KC,1344,External,0,
Rest of KC,1345,External,0,
External,1346,External,0,
External,1347,External,0,
External,1348,External,0,
External,1349,External,0,
External,1350,External,0,
External,1351,External,0,
External,1352,External,0,
External,1353,External,0,
External,1354,External,0,
Rest of KC,1355,External,0,
